# 276 violations, regenerated by the removal loop; do not edit by hand
dead-export	app/boolback/components/anatomy-detail.tsx	b019ef0b
dead-export	app/boolback/components/anatomy-pane.tsx	509a320d
dead-export	app/boolback/components/anatomy-pane.tsx	8094aaab
dead-export	app/boolback/components/anatomy-pane.tsx	fc5bad94
dead-export	app/boolback/components/filter-bar.tsx	962b739c
dead-export	app/boolback/components/group-plot.tsx	223ba4a3
dead-export	app/boolback/components/group-plot.tsx	e9a7f0aa
dead-export	app/boolback/components/plot-surface.tsx	75985ecc
dead-export	app/boolback/components/table-pane.tsx	1a889bc2
dead-export	app/boolback/components/table-pane.tsx	b3131373
dead-export	app/boolback/components/truth-strip.tsx	609975b8
dead-export	app/boolback/data/source.ts	6fb06f5b
dead-export	app/boolback/data/source.ts	c20b83d4
dead-export	app/boolback/lib/aggregate.ts	70fc0fc3
dead-export	app/boolback/lib/anatomy.ts	11e7d57c
dead-export	app/boolback/lib/anatomy.ts	19b6ff7c
dead-export	app/boolback/lib/anatomy.ts	1ed57275
dead-export	app/boolback/lib/anatomy.ts	2c1717fd
dead-export	app/boolback/lib/anatomy.ts	5f79aff1
dead-export	app/boolback/lib/anatomy.ts	695f0aea
dead-export	app/boolback/lib/anatomy.ts	8af7f93c
dead-export	app/boolback/lib/anatomy.ts	9ee0c0a5
dead-export	app/boolback/lib/anatomy.ts	a7684c97
dead-export	app/boolback/lib/anatomy.ts	b3a1ee6c
dead-export	app/boolback/lib/anatomy.ts	cf44b0c2
dead-export	app/boolback/lib/anatomy.ts	e88777c6
dead-export	app/boolback/lib/axes.ts	1e2783f0
dead-export	app/boolback/lib/columns.ts	4a195b90
dead-export	app/boolback/lib/export.ts	826e5f1d
dead-export	app/boolback/lib/method-metrics.ts	0311073e
dead-export	app/boolback/lib/method-metrics.ts	110d601f
dead-export	app/boolback/lib/method-metrics.ts	acb39854
dead-export	app/boolback/lib/metrics.ts	25f9c326
dead-export	app/boolback/lib/metrics.ts	d344b94c
dead-export	app/boolback/lib/metrics.ts	e47c1d90
dead-export	app/boolback/lib/metrics.ts	ec63e94e
dead-export	app/boolback/lib/metrics.ts	ed862836
dead-export	app/boolback/lib/parameters.ts	2b4a1b16
dead-export	app/boolback/lib/parameters.ts	3f0bc514
dead-export	app/boolback/lib/parameters.ts	655f0505
dead-export	app/boolback/lib/parameters.ts	71ed0784
dead-export	app/boolback/lib/parameters.ts	8e14da87
dead-export	app/boolback/lib/parameters.ts	b7b828e7
dead-export	app/boolback/lib/parameters.ts	f82193cc
dead-export	app/boolback/lib/spec.ts	e2c9107d
dead-export	app/boolback/lib/split-dims.ts	69abda4e
dead-export	app/boolback/lib/stats.ts	7df3b332
dead-export	app/boolback/lib/stats.ts	e8f031e9
dead-export	app/boolback/lib/trajectories.ts	32ac3ae4
dead-export	app/boolback/lib/trajectories.ts	4f47b369
dead-export	app/boolback/lib/trajectories.ts	c3fe7970
dead-export	app/boolback/lib/trajectories.ts	d451a154
dead-export	app/boolback/lib/types.ts	0ba03548
dead-export	app/boolback/lib/types.ts	11ed66dd
dead-export	app/boolback/lib/types.ts	4975e6d2
dead-export	app/boolback/lib/types.ts	50af9677
dead-export	app/boolback/lib/types.ts	517c93db
dead-export	app/boolback/lib/types.ts	5dd8d6c1
dead-export	app/boolback/lib/types.ts	6ab4de6c
dead-export	app/boolback/lib/types.ts	8226b84e
dead-export	app/boolback/lib/types.ts	9f118816
dead-export	app/boolback/lib/types.ts	a23a2085
dead-export	app/boolback/lib/types.ts	a9ed9a9c
dead-export	app/boolback/lib/types.ts	c0dab574
dead-export	app/boolback/lib/types.ts	d080f1a6
dead-export	app/boolback/lib/types.ts	e1290f52
dead-export	app/boolback/lib/types.ts	e290d73e
dead-export	app/boolback/lib/types.ts	f5ce6c55
dead-export	app/boolback/lib/types.ts	f8963e05
dead-export	app/boolback/lib/use-resizable.ts	8ed30500
dead-export	app/boolback/lib/use-resizable.ts	ba89f727
dead-export	app/boolback/state/store.ts	995043f1
dead-export	app/boolback/state/store.ts	a6ee6fec
dead-export	app/canvas/lib/canvas-agent.ts	7779dd29
dead-export	app/canvas/lib/models.ts	95b2de15
dead-export	app/canvas/lib/models.ts	f4e782d8
dead-export	app/clouds/lib/types.ts	1acfb2a8
dead-export	app/clouds/lib/types.ts	855a3597
dead-export	app/components/page-routes.ts	93882420
dead-export	app/components/tom-logo.tsx	401c732e
dead-export	app/components/tom-symbol.tsx	545d813c
dead-export	app/forge/options.ts	1c8fd3b7
dead-export	app/forge/options.ts	20d0a932
dead-export	app/forge/options.ts	2cb4810b
dead-export	app/forge/options.ts	7df15adb
dead-export	app/forge/options.ts	a6cce4d4
dead-export	app/forge/options.ts	d630883c
dead-export	app/lib/auth.tsx	1e1cea02
dead-export	app/lib/convex-server.ts	2efc8f2f
dead-export	app/lib/convex-server.ts	33276ded
dead-export	app/lib/convex-server.ts	48544832
dead-export	app/lib/convex-server.ts	c3d0068f
dead-export	app/lib/debug.ts	09472e12
dead-export	app/lib/debug.ts	4af1db41
dead-export	app/lib/debug.ts	6b053fa5
dead-export	app/lib/hooks/use-coarse-now.ts	e5bacb1f
dead-export	app/lib/hooks/use-server.ts	18e4f46f
dead-export	app/lib/hooks/use-server.ts	259990e3
dead-export	app/lib/hooks/use-server.ts	7597482b
dead-export	app/lib/hooks/use-server.ts	8b2fef49
dead-export	app/lib/hooks/use-turing.ts	00b05526
dead-export	app/lib/hooks/use-turing.ts	1387d737
dead-export	app/lib/hooks/use-turing.ts	3ae0be1a
dead-export	app/lib/tts-session-prompt.ts	23e8299a
dead-export	app/perfume/components/badge.tsx	1fc8e2f2
dead-export	app/perfume/components/badge.tsx	86631779
dead-export	app/perfume/components/badge.tsx	b52a3c8f
dead-export	app/perfume/components/brew-graph.tsx	985f092e
dead-export	app/perfume/components/cursors.tsx	a7d16500
dead-export	app/perfume/components/frequency-filter.tsx	74544e4b
dead-export	app/perfume/components/frequency-search.tsx	cff1e8d1
dead-export	app/perfume/components/glyphs.tsx	3eccb0ae
dead-export	app/perfume/components/import-dialog.tsx	85afcaf8
dead-export	app/perfume/components/ingredient-panel.tsx	27e9c49f
dead-export	app/perfume/components/ingredient-panel.tsx	3edd4f5a
dead-export	app/perfume/components/inventory-grid.tsx	428aab03
dead-export	app/perfume/components/inventory-grid.tsx	e42b2cb6
dead-export	app/perfume/components/item-art.tsx	ba1e7c32
dead-export	app/perfume/components/item-frame.tsx	4299e842
dead-export	app/perfume/components/item-frame.tsx	6831243b
dead-export	app/perfume/components/perfume-panel.tsx	293e470c
dead-export	app/perfume/components/popover.tsx	81fc26fc
dead-export	app/perfume/components/popover.tsx	fe91ddc5
dead-export	app/perfume/components/settings-corner.tsx	d81cbc8b
dead-export	app/perfume/components/top-bar.tsx	49ff339f
dead-export	app/perfume/components/top-bar.tsx	4a4cada6
dead-export	app/perfume/components/top-bar.tsx	eb64d76f
dead-export	app/perfume/data/base.ts	12e79dfa
dead-export	app/perfume/lib/brew-graph-layout.ts	069e982a
dead-export	app/perfume/lib/brew-graph-layout.ts	1f3de014
dead-export	app/perfume/lib/brew-graph-layout.ts	3e039843
dead-export	app/perfume/lib/brew-graph-layout.ts	8a29a8b8
dead-export	app/perfume/lib/brew-graph-layout.ts	d4fddcf9
dead-export	app/perfume/lib/brew-graph-layout.ts	ebd73f8f
dead-export	app/perfume/lib/brew-graph-layout.ts	ef703531
dead-export	app/perfume/lib/brew-store.ts	f2c1c143
dead-export	app/perfume/lib/brew-types.ts	5285036a
dead-export	app/perfume/lib/brew-types.ts	d0a20ca8
dead-export	app/perfume/lib/brewable.ts	bad43491
dead-export	app/perfume/lib/engine.ts	2f6f958f
dead-export	app/perfume/lib/engine.ts	611d4e63
dead-export	app/perfume/lib/engine.ts	d0db9ac0
dead-export	app/perfume/lib/filters.ts	e8df8d4e
dead-export	app/perfume/lib/frequencies.tsx	352b5764
dead-export	app/perfume/lib/frequencies.tsx	8dc267a8
dead-export	app/perfume/lib/frequencies.tsx	ce2c14ed
dead-export	app/perfume/lib/frequencies.tsx	f0c77b46
dead-export	app/perfume/lib/images.ts	547b9f54
dead-export	app/perfume/lib/provenance.ts	b0da2d9a
dead-export	app/perfume/lib/sound.ts	1c53ae7d
dead-export	app/perfume/lib/sound.ts	b295b083
dead-export	app/perfume/lib/types.ts	b42b0d13
dead-export	app/perfume/lib/use-hand.tsx	15b09efb
dead-export	app/perfume/lib/use-hand.tsx	1911b977
dead-export	app/perfume/lib/use-hand.tsx	3330bc64
dead-export	app/perfume/lib/use-hand.tsx	70266b98
dead-export	app/perfume/lib/use-hand.tsx	a5e53a2c
dead-export	app/thmm/cpu.ts	806775b9
dead-export	app/thmm/fib.ts	2c271bb6
dead-export	app/thmm/lib/caesar.ts	618e3acb
dead-export	app/thmm/lib/format.ts	66c41efa
dead-export	app/thmm/scenarios.ts	15c90610
dead-export	app/thmm/scenarios.ts	390505cc
dead-export	app/thmm/state/compiler-store.tsx	ee23bb76
dead-export	app/thmm/thcc.ts	1bd31306
dead-export	app/thmm/thcc.ts	8d6eb332
dead-export	app/thmm/thcc.ts	a8588ff4
dead-export	app/thmm/thcc.ts	f99ef5b7
dead-export	app/transformer/lib/trace.ts	076e88c3
dead-export	app/transformer/lib/trace.ts	d78a823e
dead-export	app/transformer/state.ts	62fe385b
dead-export	app/tts/components/options-row.tsx	fecdc78a
dead-export	app/tts/components/verdict-buttons.tsx	150e4842
dead-export	app/tts/components/verdict-buttons.tsx	f4a9c40e
dead-export	app/tts/lib.ts	01e61d07
dead-export	app/tts/lib.ts	7138da83
dead-export	app/tts/lib.ts	72307922
dead-export	app/tts/lib.ts	a0bb65bc
dead-export	app/turing/lib/terminal-session.ts	3b5eb195
dead-export	app/turing/lib/terminal-session.ts	6848b1b5
dead-export	app/turing/lib/terminal-session.ts	7d0d9b6d
dead-export	app/turing/lib/terminal-session.ts	bf1ddd6a
dead-export	app/turing/types.ts	2f4b5ce6
dead-export	convex/agentSurfaces.ts	d0d82974
dead-export	convex/authRoles.ts	c49d3d65
dead-export	convex/claudeSessions.ts	6a1d6b7e
dead-export	convex/claudeSessions.ts	712fecef
dead-export	convex/schema.ts	e4a7b94b
dead-export	convex/tts.ts	c00037b1
dead-export	convex/ttsCalendar.ts	ecc648a8
dead-export	convex/ttsCalendarExpand.ts	3cdbcbdf
dead-export	convex/ttsCalendarExpand.ts	bc7788cf
dead-export	convex/ttsCalendarWrite.ts	89774cb5
dead-export	convex/ttsCanvas.ts	b021d7fc
dead-export	convex/ttsCompose.ts	04a5f04a
dead-export	convex/ttsCompose.ts	1486b45e
dead-export	convex/ttsCompose.ts	27ed28a8
dead-export	convex/ttsCompose.ts	3177ae1c
dead-export	convex/ttsCompose.ts	4bfd80c8
dead-export	convex/ttsCompose.ts	66a12ca1
dead-export	convex/ttsCompose.ts	83e497ef
dead-export	convex/ttsCompose.ts	a4444be9
dead-export	convex/ttsCompose.ts	bf646cdd
dead-export	convex/ttsCompose.ts	c6329c8e
dead-export	convex/ttsCompose.ts	d7f2d017
dead-export	convex/ttsCompose.ts	fdb8c5aa
dead-export	convex/ttsContext.ts	c36959c5
dead-export	convex/ttsContext.ts	f5681a57
dead-export	convex/ttsDigest.ts	00c76aa8
dead-export	convex/ttsIntegrations.ts	b5e6d15b
dead-export	convex/ttsIntegrations.ts	edbeb619
dead-export	convex/ttsMerge.ts	3efa7eba
dead-export	convex/ttsMerge.ts	d3fc33cd
dead-export	convex/ttsMigrations.ts	56e55f06
dead-export	convex/ttsMigrations.ts	9e332199
dead-export	convex/ttsMigrations.ts	a8137f96
dead-export	convex/ttsMigrations.ts	c0c701be
dead-export	convex/ttsNightly.ts	03fb5472
dead-export	convex/ttsNightly.ts	16c391f8
dead-export	convex/ttsNightly.ts	17ab4fb3
dead-export	convex/ttsNightly.ts	3880a647
dead-export	convex/ttsNightly.ts	7372773c
dead-export	convex/ttsNightly.ts	7acae8c9
dead-export	convex/ttsNightly.ts	93cd24dd
dead-export	convex/ttsNightly.ts	ba0b268a
dead-export	convex/ttsNightly.ts	c68562d9
dead-export	convex/ttsNightly.ts	ddda5859
dead-export	convex/ttsNightly.ts	faf4ae0e
dead-export	convex/ttsRulings.ts	1398a880
dead-export	convex/ttsShared.ts	20e5ee87
dead-export	convex/ttsShared.ts	2954294e
dead-export	convex/ttsShared.ts	32c320c9
dead-export	convex/ttsShared.ts	8fb65f31
dead-export	convex/ttsShared.ts	dac3e5c6
dead-export	convex/ttsShared.ts	e84d5347
dead-export	convex/ttsShared.ts	edf9c58f
dead-export	convex/ttsShared.ts	fad16d07
dead-export	convex/ttsShared.ts	fcafa48f
dead-export	convex/ttsSimplify.ts	04ebdc70
dead-export	convex/ttsSimplify.ts	5f636fcd
dead-export	convex/ttsSimplify.ts	69c8bff0
dead-export	convex/ttsSimplify.ts	c99e3110
dead-export	convex/ttsSimplify.ts	f90be501
dead-export	convex/ttsSimplify.ts	feaed715
dead-export	convex/ttsSkills.ts	1f973f75
dead-export	convex/ttsSkills.ts	267e5040
dead-export	convex/ttsSkills.ts	6c635224
dead-export	convex/ttsSkills.ts	798ebce0
dead-export	convex/ttsSkills.ts	94b16a8f
dead-export	convex/ttsSkills.ts	9788c10a
dead-export	convex/ttsSkills.ts	adcc1cc5
dead-export	convex/ttsSlack.ts	040d3e8f
dead-export	convex/ttsSlack.ts	48ed0ff1
dead-export	convex/ttsSlack.ts	70437a3d
dead-export	convex/ttsSlack.ts	9b170437
dead-export	convex/ttsSlack.ts	fea5a2f0
dead-export	convex/ttsSlackDrafts.ts	01610045
dead-export	convex/ttsSlackDrafts.ts	f2d05303
dead-export	convex/ttsSync.ts	ccabe59b
dead-export	convex/ttsSync.ts	f6478c14
dead-export	convex/ttsWeekly.ts	33917e6e
dead-export	convex/ttsWeekly.ts	3e8293d6
dead-export	convex/ttsWeekly.ts	be2278f6
dead-export	scripts/check-private-paths.mjs	0e359d21
dead-export	scripts/check-private-paths.mjs	80fb5655
dead-export	scripts/check-private-paths.mjs	d0ec0e86
dead-export	scripts/check-private-paths.mjs	e092a762
dead-export	scripts/check-private-paths.mjs	e84bdfc0
dead-export	scripts/context-fixture.mjs	a94a4341
duplicated-helper	app/boolback/components/group-plot.tsx	fab2ec3f
duplicated-helper	app/boolback/components/plot-panel.tsx	fab2ec3f
duplicated-helper	app/boolback/components/plot-surface.tsx	fab2ec3f
duplicated-helper	convex/ttsDigest.ts	e7048a18
duplicated-helper	convex/ttsWeekly.ts	e7048a18
flag-not-deletion	app/components/nav-term.tsx	626f6d6c
flag-not-deletion	convex/http.ts	6d1c2569
